energy_kev,sp3_target,frame_index,step,time_ps,n_atoms,density_atoms_A3,sp_percent,sp2_percent,sp3_percent,defect_percent,mean_coord,elastic_modulus_rel,mean_pe_eV,total_pe_eV,mean_ke_eV,total_ke_eV,max_ke_atom_eV,threshold_cumulative_A,n_displaced_cumulative,max_dr_cumulative_A,mean_dr_cumulative_A,n_displaced_incremental,max_dr_incremental_A
25,40,0,0,0.000000,473344,0.135644,3.755620,57.583069,38.661312,0.000000,3.349057,0.285505,-6.588287,-3118526.306880,0.050086,23707.789671,4716.760000,0.000000,0,0.000000,0.000000,0,0.000000
25,40,1,27,0.027000,473344,0.135644,3.757732,57.573562,38.668495,0.000211,3.349112,0.285544,-6.587930,-3118357.148840,0.049714,23531.692552,4537.110000,0.019387,1,1.346611,1.346611,1,1.346611
25,40,2,54,0.054000,473344,0.135644,3.759000,57.565111,38.675255,0.000634,3.349175,0.285590,-6.588223,-3118495.610230,0.050001,23667.474890,4640.680000,0.039293,2,2.696997,1.392734,2,1.351172
25,40,3,81,0.081000,473344,0.135644,3.755197,57.567224,38.677368,0.000211,3.349226,0.285627,-6.588289,-3118527.075910,0.050063,23696.835751,4650.080000,0.057274,2,4.046959,2.114233,2,1.350264
25,40,4,108,0.108000,473344,0.135644,3.759845,57.561097,38.679058,0.000000,3.349192,0.285602,-6.588384,-3118572.220130,0.050157,23741.532661,4670.950000,0.075977,2,5.397433,2.835594,2,1.350613
25,40,5,135,0.135000,473344,0.135644,3.758577,57.565111,38.676100,0.000211,3.349171,0.285587,-6.588395,-3118577.153214,0.050158,23742.158250,4651.970000,0.096151,2,6.747032,3.555551,3,1.349688
25,40,6,162,0.162000,473344,0.135644,3.758366,57.558562,38.682649,0.000423,3.349243,0.285639,-6.588435,-3118596.226412,0.050192,23758.110678,4647.740000,0.116084,2,8.096635,4.274363,4,1.349690
25,40,7,189,0.189000,473344,0.135644,3.760690,57.562787,38.675678,0.000845,3.349158,0.285578,-6.588485,-3118619.749560,0.050239,23780.227154,4652.600000,0.146908,2,9.446566,4.991775,4,1.350046
25,40,8,216,0.216000,473344,0.135644,3.758155,57.580111,38.661312,0.000423,3.349032,0.285487,-6.588544,-3118647.883010,0.050290,23804.573689,4666.350000,0.185917,2,10.796744,5.707599,5,1.350278
25,40,9,243,0.243000,473344,0.135644,3.762169,57.578421,38.658988,0.000423,3.348968,0.285441,-6.588553,-3118651.806252,0.050297,23807.552430,4660.370000,0.214132,2,12.146525,6.421661,6,1.349844
25,40,10,270,0.270000,473344,0.135644,3.757732,57.579266,38.662579,0.000423,3.349057,0.285505,-6.588484,-3118619.247655,0.050223,23772.698978,4621.800000,0.246630,2,13.495312,7.133917,5,1.348889
25,40,11,297,0.297000,473344,0.135644,3.756676,57.583069,38.659199,0.001056,3.349053,0.285502,-6.588505,-3118629.487450,0.050237,23779.387786,4630.070000,0.270991,2,14.845316,7.845848,6,1.350307
25,40,12,324,0.324000,473344,0.135644,3.754775,57.576519,38.668072,0.000634,3.349146,0.285569,-6.588253,-3118510.073870,0.049972,23653.942609,4497.960000,0.177363,4,16.190313,4.372867,7,1.345619
25,40,13,351,0.351000,473344,0.135644,3.754986,57.563632,38.680537,0.000845,3.349272,0.285660,-6.588453,-3118604.852970,0.050169,23746.975664,4590.480000,0.194882,4,17.539557,4.738297,7,1.353063
25,40,14,378,0.378000,473344,0.135644,3.752239,57.564266,38.682861,0.000634,3.349319,0.285694,-6.588493,-3118623.451590,0.050203,23763.363718,4615.910000,0.204281,5,18.886209,4.129317,8,1.350292
25,40,15,405,0.405000,473344,0.135644,3.754563,57.563421,38.681804,0.000211,3.349277,0.285663,-6.588472,-3118613.597270,0.050178,23751.681475,4616.630000,0.214132,6,20.233790,3.739578,9,1.350428
25,40,16,432,0.432000,473344,0.135644,3.755620,57.552647,38.691311,0.000423,3.349365,0.285728,-6.588400,-3118579.440410,0.050106,23717.444621,4591.020000,0.224459,6,21.580373,4.003918,10,1.348984
25,40,17,459,0.459000,473344,0.135644,3.756887,57.549266,38.693001,0.000845,3.349378,0.285737,-6.588400,-3118579.671445,0.050103,23715.919466,4602.440000,0.246630,6,22.928447,4.267683,9,1.350366
25,40,18,486,0.486000,473344,0.135644,3.758577,57.550745,38.690044,0.000634,3.349327,0.285700,-6.588411,-3118584.855155,0.050114,23721.161621,4619.470000,0.258523,6,24.276979,4.530367,9,1.350485
25,40,19,513,0.513000,473344,0.135644,3.756887,57.544830,38.697649,0.000634,3.349420,0.285767,-6.587672,-3118234.948590,0.049364,23365.918171,4268.670000,0.270991,6,25.621373,4.791364,9,1.345940
25,40,20,540,0.540000,473344,0.135644,3.756465,57.539126,38.703987,0.000423,3.349484,0.285813,-6.588339,-3118550.863354,0.050024,23678.366815,4164.830000,0.284059,7,26.932312,4.385435,6,1.337818
25,40,21,567,0.567000,473344,0.135644,3.755831,57.538492,38.705043,0.000634,3.349505,0.285828,-6.588183,-3118477.027578,0.049856,23598.979416,4114.710000,0.297758,7,28.237981,4.665070,10,1.348853
25,40,22,594,0.594000,473344,0.135644,3.757310,57.528351,38.713705,0.000634,3.349577,0.285880,-6.588233,-3118500.556090,0.049902,23620.621263,4149.790000,0.297758,8,29.547076,4.366535,6,1.350462
25,40,23,621,0.621000,473344,0.135644,3.757943,57.528774,38.712649,0.000634,3.349551,0.285862,-6.588199,-3118484.611224,0.049868,23604.653547,4135.290000,0.312118,8,30.858606,4.614305,18,1.349350
25,40,24,648,0.648000,473344,0.135644,3.756465,57.522225,38.720043,0.001268,3.349653,0.285935,-6.588114,-3118444.077486,0.049781,23563.728199,4111.450000,0.327169,8,32.174244,4.860689,12,1.349531
25,40,25,675,0.675000,473344,0.135644,3.756253,57.523070,38.719832,0.000845,3.349644,0.285929,-6.588131,-3118452.294240,0.049810,23577.063786,4127.720000,0.342947,8,33.494429,5.105328,21,1.349589
25,40,26,702,0.702000,473344,0.135644,3.758366,57.521802,38.719409,0.000423,3.349610,0.285905,-6.588263,-3118514.804523,0.049942,23639.940031,4166.270000,0.359486,8,34.818275,5.348176,22,1.351440
25,40,27,729,0.729000,473344,0.135644,3.763225,57.515253,38.720888,0.000634,3.349581,0.285883,-6.588230,-3118499.300817,0.049907,23623.274277,4143.400000,0.376822,8,36.142099,5.590001,20,1.349720
25,40,28,756,0.756000,473344,0.135644,3.760901,57.516943,38.721522,0.000634,3.349610,0.285905,-6.588179,-3118475.118812,0.049846,23594.447114,4122.790000,0.376822,9,37.468431,5.227268,22,1.348707
25,40,29,783,0.783000,473344,0.135644,3.757521,57.518211,38.723212,0.001056,3.349670,0.285947,-6.588193,-3118481.795998,0.049862,23601.786249,4122.710000,0.414043,8,38.800055,6.083223,23,1.350346
25,40,30,810,0.810000,473344,0.135644,3.758155,57.517366,38.723423,0.001056,3.349665,0.285944,-6.588175,-3118472.918469,0.049844,23593.204749,4121.380000,0.523984,7,40.131702,7.171101,21,1.349768
25,40,31,837,0.837000,473344,0.135644,3.757943,57.511662,38.729338,0.001056,3.349729,0.285990,-6.588088,-3118432.130750,0.049751,23549.215319,4125.660000,0.549253,7,41.462480,7.451041,24,1.350014
25,40,32,864,0.864000,473344,0.135644,3.758155,57.515464,38.725536,0.000845,3.349682,0.285957,-6.587753,-3118273.581120,0.049414,23389.913412,3915.860000,0.575741,7,42.788070,7.721692,28,1.344684
25,40,33,891,0.891000,473344,0.135644,3.758577,57.517155,38.723001,0.001268,3.349661,0.285941,-6.586745,-3117796.020060,0.048406,22912.761302,3304.830000,0.632610,7,44.103667,7.988415,25,1.339717
25,40,34,918,0.918000,473344,0.135644,3.757732,57.526450,38.714761,0.001056,3.349589,0.285889,-6.588201,-3118485.406506,0.049853,23597.706263,3673.190000,0.414043,15,45.319450,4.110875,26,1.347935
25,40,35,945,0.945000,473344,0.135644,3.757943,57.523492,38.717719,0.000845,3.349589,0.285889,-6.588223,-3118495.929685,0.049868,23604.922520,3710.030000,0.454940,14,46.532599,4.561110,27,1.351128
25,40,36,972,0.972000,473344,0.135644,3.758155,57.519478,38.721311,0.001056,3.349627,0.285917,-6.587752,-3118272.716215,0.049392,23379.635611,3505.390000,0.454940,15,47.749870,4.463952,28,1.346801
25,40,37,999,0.999000,473344,0.135644,3.758155,57.516098,38.724268,0.001479,3.349674,0.285950,-6.588040,-3118409.097638,0.049676,23513.854658,2945.670000,0.499878,16,48.773693,4.384678,36,1.324425
25,40,38,1026,1.026000,473344,0.135644,3.757098,57.518000,38.723001,0.001901,3.349682,0.285957,-6.587797,-3118294.404132,0.049431,23397.833760,2934.670000,0.549253,15,49.731240,4.854767,14,1.349854
25,40,39,1053,1.053000,473344,0.135644,3.759211,57.524337,38.716029,0.000423,3.349568,0.285874,-6.587830,-3118309.741690,0.049464,23413.535627,2952.190000,0.575741,15,50.706303,5.060526,16,1.350338
25,40,40,1080,1.080000,473344,0.135644,3.759845,57.527506,38.712015,0.000634,3.349517,0.285837,-6.587917,-3118351.168872,0.049549,23453.944711,2935.080000,0.575741,15,51.701078,5.262803,24,1.349459
25,40,41,1107,1.107000,473344,0.135644,3.762380,57.537013,38.699762,0.000845,3.349374,0.285734,-6.587773,-3118282.637226,0.049404,23385.129702,2658.130000,0.575741,17,52.657517,4.893470,22,1.332012
25,40,42,1134,1.134000,473344,0.135644,3.763014,57.537858,38.697438,0.001690,3.349361,0.285725,-6.587912,-3118348.692120,0.049546,23452.373346,2722.410000,0.632610,16,53.486826,5.354457,23,1.358158
25,40,43,1161,1.161000,473344,0.135644,3.762380,57.544407,38.691734,0.001479,3.349298,0.285679,-6.588013,-3118396.557422,0.049650,23501.672843,2716.540000,0.603506,19,54.333160,4.786936,50,1.349135
25,40,44,1188,1.188000,473344,0.135644,3.762591,57.536802,38.698283,0.002324,3.349361,0.285725,-6.588065,-3118420.843845,0.049703,23526.561745,2725.540000,0.695097,17,55.201017,5.481637,55,1.350770
25,40,45,1215,1.215000,473344,0.135644,3.761535,57.544830,38.690889,0.002746,3.349298,0.285679,-6.587888,-3118337.025830,0.049521,23440.382055,2631.960000,0.800588,15,56.102492,6.344169,60,1.342178
25,40,46,1242,1.242000,473344,0.135644,3.760690,57.535957,38.700184,0.003169,3.349425,0.285770,-6.587890,-3118338.209680,0.049516,23438.100418,2662.910000,0.523984,29,57.069782,3.718484,68,1.353986
25,40,47,1269,1.269000,473344,0.135644,3.761112,57.545675,38.690255,0.002958,3.349327,0.285700,-6.587856,-3118322.185510,0.049481,23421.584245,2666.990000,0.663118,23,58.028264,4.711161,79,1.348859
25,40,48,1296,1.296000,473344,0.135644,3.760901,57.530887,38.705255,0.002958,3.349475,0.285807,-6.587575,-3118189.304498,0.049196,23286.719458,2573.580000,0.695097,23,58.982036,4.877455,65,1.347764
25,40,49,1323,1.323000,473344,0.135644,3.762591,57.540816,38.694269,0.002324,3.349344,0.285712,-6.587686,-3118241.775802,0.049303,23337.206774,2659.750000,0.728618,24,59.877633,4.859455,53,1.351159
25,40,50,1350,1.350000,473344,0.135644,3.763436,57.540605,38.693846,0.002113,3.349327,0.285700,-6.586816,-3117830.022820,0.048429,22923.359958,2329.400000,0.728618,25,60.764045,4.840060,55,1.341183
25,40,51,1377,1.377000,473344,0.135644,3.764704,57.543562,38.690677,0.001056,3.349264,0.285654,-6.587690,-3118243.344018,0.049310,23340.672652,1561.310000,0.763756,26,61.350070,4.849063,20,1.070891
25,40,52,1404,1.404000,473344,0.135644,3.766817,57.554759,38.676312,0.002113,3.349112,0.285544,-6.587771,-3118282.054729,0.049384,23375.845033,1554.700000,0.695097,33,61.869982,4.146746,111,1.350137
25,40,53,1431,1.431000,473344,0.135644,3.765549,57.555604,38.675889,0.002958,3.349120,0.285551,-6.587563,-3118183.444988,0.049169,23274.070928,1465.250000,0.728618,34,62.417060,4.230316,100,1.341336
25,40,54,1458,1.458000,473344,0.135644,3.763648,57.558985,38.673988,0.003380,3.349137,0.285563,-6.587418,-3118114.717187,0.049016,23201.565991,1503.130000,0.763756,35,62.964528,4.311919,112,1.353951
25,40,55,1485,1.485000,473344,0.135644,3.763648,57.552858,38.680114,0.003380,3.349179,0.285593,-6.587417,-3118114.420943,0.049014,23200.498676,1201.040000,0.800588,34,63.514058,4.596835,118,1.191346
25,40,56,1512,1.512000,473344,0.135644,3.760267,57.544619,38.692579,0.002535,3.349332,0.285703,-6.587495,-3118151.120106,0.049079,23231.366202,1227.060000,0.879667,34,64.124728,4.790933,78,1.362312
25,40,57,1539,1.539000,473344,0.135644,3.760690,57.539760,38.696170,0.003380,3.349353,0.285718,-6.587331,-3118073.419656,0.048907,23149.716595,1259.390000,1.223207,26,64.749286,6.200692,27,1.354476
25,40,58,1566,1.566000,473344,0.135644,3.761535,57.551590,38.684128,0.002746,3.349247,0.285642,-6.587172,-3117998.313901,0.048747,23074.150134,1262.360000,1.548006,23,65.368703,7.097781,32,1.350145
25,40,59,1593,1.593000,473344,0.135644,3.761746,57.557928,38.677579,0.002746,3.349171,0.285587,-6.587293,-3118055.831349,0.048867,23131.135663,1257.500000,1.700912,23,65.942791,7.359597,168,1.349383
25,40,60,1620,1.620000,473344,0.135644,3.760690,57.553703,38.682438,0.003169,3.349205,0.285612,-6.587004,-3117918.635212,0.048560,22985.489709,1272.460000,1.622659,24,66.531469,7.376108,204,1.351487
25,40,61,1647,1.647000,473344,0.135644,3.757732,57.544196,38.694691,0.003380,3.349361,0.285725,-6.587218,-3118019.918184,0.048761,23080.806647,1238.590000,1.782939,23,67.189145,7.897408,244,1.347405
25,40,62,1674,1.674000,473344,0.135644,3.758577,57.546520,38.690889,0.004014,3.349327,0.285700,-6.586849,-3117845.270386,0.048381,22900.857577,1171.470000,1.959050,23,67.935063,8.174082,24,1.343841
25,40,63,1701,1.701000,473344,0.135644,3.763225,57.529619,38.703142,0.004014,3.349403,0.285755,-6.586907,-3117872.740363,0.048437,22927.460162,1215.790000,1.282196,36,68.682505,5.964610,27,1.351523
25,40,64,1728,1.728000,473344,0.135644,3.760901,57.527084,38.708001,0.004014,3.349501,0.285825,-6.587011,-3117922.235649,0.048530,22971.452950,1207.150000,1.282196,36,69.420730,6.177402,32,1.349510
25,40,65,1755,1.755000,473344,0.135644,3.761746,57.536379,38.696804,0.005070,3.349391,0.285746,-6.586824,-3117833.389800,0.048334,22878.788505,1197.690000,1.282196,39,70.155909,5.993956,24,1.348186
25,40,66,1782,1.782000,473344,0.135644,3.768929,57.523070,38.703353,0.004648,3.349395,0.285749,-6.586172,-3117525.181507,0.047677,22567.604364,1008.920000,1.344030,39,70.869797,6.181744,23,1.337961
25,40,67,1809,1.809000,473344,0.135644,3.767239,57.516521,38.711381,0.004859,3.349501,0.285825,-6.586591,-3117723.230102,0.048090,22763.140012,1080.680000,1.408846,39,71.617581,6.365980,25,1.343758
25,40,68,1836,1.836000,473344,0.135644,3.770408,57.524126,38.699128,0.006338,3.349332,0.285703,-6.586023,-3117454.236275,0.047515,22490.871028,880.416000,1.408846,41,72.378794,6.294742,25,1.336141
25,40,69,1863,1.863000,473344,0.135644,3.769774,57.517577,38.707578,0.005070,3.349382,0.285740,-6.586313,-3117591.625529,0.047800,22625.982496,913.928000,1.622659,36,73.124069,7.157723,36,1.341543
25,40,70,1890,1.890000,473344,0.135644,3.768718,57.497507,38.726803,0.006972,3.349606,0.285902,-6.586290,-3117581.011787,0.047765,22609.482540,858.081000,1.344030,49,73.800396,5.801516,26,1.341039
25,40,71,1917,1.917000,473344,0.135644,3.769352,57.504690,38.718987,0.006972,3.349501,0.285825,-6.586077,-3117480.177723,0.047552,22508.362787,889.903000,1.408846,51,74.437358,5.793138,26,1.354657
25,40,72,1944,1.944000,473344,0.135644,3.771253,57.513563,38.708635,0.006549,3.349361,0.285725,-6.586030,-3117458.012611,0.047498,22482.855003,888.461000,1.548006,49,74.941642,6.141478,27,1.349933
25,40,73,1971,1.971000,473344,0.135644,3.775478,57.499408,38.718142,0.006972,3.349458,0.285795,-6.585904,-3117398.204368,0.047373,22423.596900,840.328000,1.548006,52,75.423816,6.040687,27,1.342553
25,40,74,1998,1.998000,473344,0.135644,3.773788,57.499408,38.720465,0.006338,3.349484,0.285813,-6.585967,-3117428.028310,0.047441,22455.698397,850.290000,1.476788,57,75.912570,5.792840,26,1.351707
25,40,75,2040,2.040000,473344,0.135644,3.773366,57.515042,38.705255,0.006338,3.349327,0.285700,-6.585851,-3117373.158591,0.047311,22394.492817,862.983000,1.408846,65,76.671150,5.461717,125,2.100417
25,40,76,2160,2.160000,473344,0.135644,3.786886,57.536379,38.669974,0.006760,3.348816,0.285331,-6.585432,-3117174.504914,0.046867,22184.114359,772.877000,2.855498,34,78.900124,9.589543,18,5.960870
25,40,77,2280,2.280000,473344,0.135644,3.793858,57.547154,38.649904,0.009084,3.348487,0.285093,-6.584974,-3116957.905056,0.046373,21950.427377,678.688000,2.053525,57,80.935116,7.150841,19,5.954417
25,40,78,2400,2.400000,473344,0.135644,3.803365,57.540605,38.648847,0.007183,3.348381,0.285017,-6.584341,-3116658.219943,0.045723,21642.671141,310.098000,2.724127,47,81.500508,8.822418,11,5.842197
25,40,79,2520,2.520000,473344,0.135644,3.803576,57.526661,38.662157,0.007605,3.348499,0.285102,-6.584125,-3116556.100977,0.045436,21506.731442,281.088000,2.479238,66,80.924505,7.454884,11,5.956391
25,40,80,2640,2.640000,473344,0.135644,3.795548,57.554337,38.643988,0.006127,3.348419,0.285044,-6.583802,-3116403.105408,0.044946,21275.067776,226.165000,2.365177,81,80.082516,6.928802,19,5.936609
25,40,81,2760,2.760000,473344,0.135644,3.825759,57.559830,38.609130,0.005282,3.347760,0.284569,-6.583426,-3116225.412117,0.044416,21023.996136,173.881000,3.447466,50,79.329728,9.963209,8,5.923215
25,40,82,2880,2.880000,473344,0.135644,3.816675,57.558140,38.620961,0.004225,3.347984,0.284731,-6.583279,-3116155.635400,0.044222,20932.452775,94.111000,6.066728,23,79.209529,17.147665,11,5.901233
25,40,83,3000,3.000000,473344,0.135644,3.821534,57.562154,38.615257,0.001056,3.347916,0.284682,-6.583364,-3116195.973210,0.044171,20908.207749,10.225100,6.665974,21,79.684966,18.599588,2,5.154477
25,40,84,3120,3.120000,473344,0.135644,3.781816,57.549689,38.668072,0.000423,3.348854,0.285358,-6.583727,-3116367.620750,0.044259,20949.951908,3.013990,3.137552,64,79.838024,8.818200,2,3.434072
25,40,85,3240,3.240000,473344,0.135644,3.755197,57.554548,38.690044,0.000211,3.349344,0.285712,-6.584028,-3116510.313250,0.044346,20990.717796,2.601460,6.665974,21,79.718252,18.521979,0,1.862342
25,40,86,3360,3.360000,473344,0.135644,3.731113,57.539126,38.729338,0.000423,3.349974,0.286167,-6.584299,-3116638.478980,0.044478,21053.171773,1.639460,2.053525,137,79.627569,5.324527,0,1.818699
25,40,87,3480,3.480000,473344,0.135644,3.715057,57.523070,38.761450,0.000423,3.350455,0.286516,-6.584401,-3116686.829350,0.044365,21000.071960,1.881670,5.787620,24,79.632167,16.877467,9,1.817421
25,40,88,3600,3.600000,473344,0.135644,3.729634,57.543562,38.726592,0.000211,3.349965,0.286161,-6.584600,-3116780.900070,0.044406,21019.432751,1.905010,5.787620,24,79.577252,16.861807,0,1.414130
25,40,89,3720,3.720000,473344,0.135644,3.720761,57.497507,38.781520,0.000211,3.350603,0.286623,-6.584727,-3116840.917510,0.044348,20991.807508,1.479640,5.787620,24,80.119663,16.895041,0,1.441691
25,40,90,3840,3.840000,473344,0.135644,3.715057,57.532154,38.752577,0.000211,3.350371,0.286454,-6.584908,-3116926.911290,0.044386,21009.843440,1.485600,5.787620,24,79.110146,16.848463,2,1.576605
25,40,91,3960,3.960000,473344,0.135644,3.703649,57.503422,38.792717,0.000211,3.350886,0.286828,-6.585106,-3117020.450690,0.044349,20992.255815,1.075830,5.787620,24,78.963667,16.842999,1,1.905275
25,40,92,4080,4.080000,473344,0.135644,3.704071,57.513141,38.782577,0.000211,3.350781,0.286751,-6.585168,-3117049.882600,0.044319,20978.190473,0.996173,5.787620,24,79.137920,16.827655,1,1.682752
25,40,93,4200,4.200000,473344,0.135644,3.680621,57.539760,38.779408,0.000211,3.350984,0.286898,-6.585368,-3117144.376740,0.044265,20952.726294,1.011030,5.787620,24,79.103045,16.831389,0,1.240678
25,40,94,4320,4.320000,473344,0.135644,3.688438,57.533422,38.777506,0.000634,3.350878,0.286821,-6.585494,-3117204.198200,0.044319,20978.183966,2.358750,5.787620,24,79.002648,16.844873,1,2.193873
25,40,95,4440,4.440000,473344,0.135644,3.700691,57.505535,38.793562,0.000211,3.350924,0.286855,-6.585586,-3117247.838170,0.044231,20936.247295,0.925086,5.787620,24,79.097016,16.854869,0,1.184720
25,40,96,4560,4.560000,473344,0.135644,3.686114,57.442579,38.871096,0.000211,3.351846,0.287522,-6.585715,-3117308.685830,0.044203,20923.304727,1.023730,5.787620,24,79.000654,16.836280,4,1.295390
25,40,97,4680,4.680000,473344,0.135644,3.697522,57.475958,38.826308,0.000211,3.351284,0.287115,-6.585750,-3117325.317920,0.044094,20871.755868,0.938160,5.787620,24,79.133130,16.851906,0,1.048255
25,40,98,4800,4.800000,473344,0.135644,3.678297,57.500042,38.821449,0.000211,3.351427,0.287219,-6.586013,-3117449.755350,0.044205,20924.367830,0.746294,5.521352,24,78.976540,16.875098,0,0.966676
25,40,99,4920,4.920000,473344,0.135644,3.700480,57.500042,38.799266,0.000211,3.350984,0.286898,-6.586142,-3117510.626110,0.044170,20907.748951,1.080760,5.521352,24,78.953959,16.840669,0,1.052222
25,40,100,5040,5.040000,473344,0.135644,3.675973,57.492014,38.831801,0.000211,3.351554,0.287311,-6.586286,-3117579.173110,0.044125,20886.284414,1.012040,5.787620,24,79.198902,16.840045,2,1.823444
25,40,101,5160,5.160000,473344,0.135644,3.681255,57.467508,38.851026,0.000211,3.351693,0.287412,-6.586339,-3117604.225080,0.044020,20836.588030,0.730599,2.053525,145,79.277797,5.142252,3,1.632456
25,40,102,5280,5.280000,473344,0.135644,3.679354,57.481874,38.838561,0.000211,3.351588,0.287336,-6.586499,-3117679.995870,0.043967,20811.368886,0.767647,5.787620,24,79.162039,16.872408,0,1.172928
25,40,103,5400,5.400000,473344,0.135644,3.684001,57.454409,38.861378,0.000211,3.351770,0.287467,-6.586578,-3117717.402880,0.043952,20804.644995,0.746178,5.521352,24,79.117200,16.884484,0,1.117282
25,40,104,5520,5.520000,473344,0.135644,3.681044,57.479761,38.838984,0.000211,3.351575,0.287326,-6.586675,-3117763.231050,0.043999,20826.613148,0.982993,5.787620,24,79.179427,16.868089,1,1.379665
25,40,105,5640,5.640000,473344,0.135644,3.673861,57.427790,38.898138,0.000211,3.352239,0.287807,-6.586879,-3117859.883100,0.043994,20824.143129,0.700090,5.521352,24,79.080230,16.853565,0,1.208643
25,40,106,5760,5.760000,473344,0.135644,3.671537,57.424410,38.903842,0.000211,3.352319,0.287866,-6.586892,-3117865.803840,0.043872,20766.608868,1.096090,2.053525,146,79.013795,5.113301,0,1.187743
25,40,107,5880,5.880000,473344,0.135644,3.655904,57.465818,38.878068,0.000211,3.352217,0.287792,-6.587071,-3117950.367370,0.043898,20778.942540,0.733289,5.521352,24,79.193791,16.845734,0,1.066624
25,40,108,6000,6.000000,473344,0.135644,3.667946,57.489268,38.842364,0.000423,3.351736,0.287443,-6.587148,-3117987.159130,0.043812,20738.208547,0.824709,5.521352,24,79.072732,16.845418,0,1.064309
25,40,109,6120,6.120000,473344,0.135644,3.671748,57.470465,38.857575,0.000211,3.351854,0.287529,-6.587225,-3118023.419170,0.043771,20718.547188,0.748586,5.521352,24,78.954050,16.844026,1,1.313494
25,40,110,6240,6.240000,473344,0.135644,3.657382,57.450184,38.892222,0.000211,3.352344,0.287884,-6.587376,-3118094.742670,0.043744,20706.053775,0.568785,2.053525,144,79.080519,5.168526,0,1.037901
25,40,111,6360,6.360000,473344,0.135644,3.663509,57.395256,38.941024,0.000211,3.352771,0.288194,-6.587486,-3118146.800610,0.043690,20680.446828,1.326740,5.787620,24,79.099691,16.869450,1,1.278880
25,40,112,6480,6.480000,473344,0.135644,3.667100,57.446381,38.886307,0.000211,3.352188,0.287771,-6.587578,-3118190.411860,0.043589,20632.660274,0.994747,5.521352,24,79.064761,16.855304,0,1.148709
25,40,113,6600,6.600000,473344,0.135644,3.659495,57.441734,38.898560,0.000211,3.352386,0.287915,-6.587656,-3118227.660570,0.043569,20623.235769,0.594258,1.959050,160,79.159358,4.853954,0,1.051102
25,40,114,6720,6.720000,473344,0.135644,3.659072,57.470888,38.869406,0.000634,3.352091,0.287700,-6.587748,-3118270.994850,0.043513,20596.678742,0.914938,2.053525,142,79.134242,5.197361,4,1.283015
25,40,115,6840,6.840000,473344,0.135644,3.659495,57.383425,38.956869,0.000211,3.352970,0.288338,-6.587881,-3118334.132390,0.043491,20586.166908,0.690962,2.053525,144,79.235382,5.172590,0,0.915656
25,40,116,6960,6.960000,473344,0.135644,3.660974,57.459480,38.879335,0.000211,3.352179,0.287764,-6.588033,-3118405.986480,0.043479,20580.315752,0.848115,5.787620,24,79.103969,16.856692,1,1.229571
25,40,117,7080,7.080000,473344,0.135644,3.653791,57.464973,38.881025,0.000211,3.352268,0.287829,-6.588025,-3118402.015900,0.043414,20549.580484,0.622043,5.787620,24,79.093905,16.849069,0,0.910524
25,40,118,7200,7.200000,473344,0.135644,3.655481,57.457367,38.886941,0.000211,3.352310,0.287859,-6.588113,-3118443.634060,0.043370,20528.815473,0.629128,2.053525,147,79.134621,5.105544,0,1.059713
25,40,119,7320,7.320000,473344,0.135644,3.649354,57.466240,38.884194,0.000211,3.352344,0.287884,-6.588226,-3118497.283740,0.043280,20486.205009,0.556033,5.521352,24,79.157227,16.856447,1,1.162958
25,40,120,7440,7.440000,473344,0.135644,3.634143,57.428424,38.937010,0.000423,3.353020,0.288375,-6.588314,-3118538.874580,0.043258,20475.918712,0.485842,5.521352,24,79.151214,16.848859,0,1.081222
25,40,121,7560,7.560000,473344,0.135644,3.654213,57.396946,38.948629,0.000211,3.352940,0.288316,-6.588356,-3118558.682120,0.043217,20456.590249,0.555175,5.521352,24,79.162581,16.864131,1,1.171841
25,40,122,7680,7.680000,473344,0.135644,3.652312,57.421875,38.925602,0.000211,3.352729,0.288163,-6.588481,-3118617.854100,0.043200,20448.390185,0.613723,2.152556,130,79.131101,5.496453,0,0.905487
25,40,123,7800,7.800000,473344,0.135644,3.633932,57.449762,38.916095,0.000211,3.352817,0.288227,-6.588536,-3118643.776760,0.043179,20438.333883,0.661814,5.787620,24,79.096648,16.857080,0,1.026695
25,40,124,7920,7.920000,473344,0.135644,3.630975,57.454409,38.914405,0.000211,3.352830,0.288237,-6.588669,-3118706.928050,0.043137,20418.475440,0.565386,5.787620,24,79.037829,16.840105,0,0.925401
25,40,125,8040,8.040000,473344,0.135644,3.649354,57.459902,38.890532,0.000211,3.352408,0.287930,-6.588694,-3118718.613600,0.043049,20376.946876,0.568941,5.787620,24,79.122918,16.848976,0,0.964877
25,40,126,8160,8.160000,473344,0.135644,3.651890,57.403706,38.943770,0.000634,3.352906,0.288292,-6.588807,-3118772.427360,0.042980,20344.203684,0.559534,5.787620,24,79.090839,16.852889,0,1.029246
25,40,127,8280,8.280000,473344,0.135644,3.648721,57.356384,38.994685,0.000211,3.353455,0.288691,-6.588925,-3118828.008080,0.043061,20382.503965,0.572872,5.521352,24,79.061600,16.824147,0,0.904919
25,40,128,8400,8.400000,473344,0.135644,3.651890,57.383003,38.964897,0.000211,3.353126,0.288451,-6.589099,-3118910.476310,0.043036,20370.956671,0.486626,5.787620,24,79.114900,16.857009,0,0.989610
25,40,129,8520,8.520000,473344,0.135644,3.645552,57.401171,38.953066,0.000211,3.353071,0.288411,-6.589080,-3118901.630700,0.042915,20313.748598,0.550894,5.521352,24,78.978330,16.836538,0,1.050203
25,40,130,8640,8.640000,473344,0.135644,3.644707,57.381735,38.973347,0.000211,3.353282,0.288565,-6.589096,-3118909.119130,0.042901,20306.880016,0.619110,2.053525,141,79.075936,5.224213,0,0.966171
25,40,131,8760,8.760000,473344,0.135644,3.627594,57.388495,38.983699,0.000211,3.353557,0.288765,-6.589247,-3118980.320590,0.042843,20279.628155,0.547759,5.521352,24,78.956776,16.843165,0,1.000199
25,40,132,8880,8.880000,473344,0.135644,3.643439,57.415748,38.940390,0.000423,3.352961,0.288332,-6.589300,-3119005.673300,0.042872,20293.107150,0.555343,5.521352,24,79.100757,16.841050,0,1.233321
25,40,133,9000,9.000000,473344,0.135644,3.635200,57.362721,39.001868,0.000211,3.353662,0.288841,-6.589357,-3119032.745520,0.042768,20244.056232,0.574028,2.053525,145,79.155534,5.139043,0,1.049971
25,40,134,9120,9.120000,473344,0.135644,3.645552,57.387862,38.966164,0.000423,3.353198,0.288504,-6.589448,-3119075.612950,0.042784,20251.543221,0.571539,5.521352,24,79.075727,16.841879,0,0.904063
25,40,135,9240,9.240000,473344,0.135644,3.623369,57.398214,38.978206,0.000211,3.353544,0.288755,-6.589546,-3119122.007790,0.042769,20244.361826,0.491437,5.787620,24,79.074487,16.829677,1,1.233131
25,40,136,9360,9.360000,473344,0.135644,3.619778,57.400960,38.978840,0.000423,3.353582,0.288783,-6.589687,-3119188.797340,0.042761,20240.716063,0.621291,5.521352,24,78.944841,16.836327,0,1.039939
25,40,137,9480,9.480000,473344,0.135644,3.636256,57.379200,38.984333,0.000211,3.353477,0.288706,-6.589684,-3119187.600180,0.042696,20209.885744,0.540542,2.152556,132,79.193875,5.446518,0,1.056944
25,40,138,9600,9.600000,473344,0.135644,3.627172,57.413424,38.959192,0.000211,3.353316,0.288590,-6.589747,-3119217.425330,0.042615,20171.406042,0.720461,5.521352,24,79.068707,16.851783,0,0.978736
25,40,139,9720,9.720000,473344,0.135644,3.623792,57.368426,39.007360,0.000423,3.353827,0.288961,-6.589837,-3119259.860550,0.042595,20162.182906,0.687125,5.521352,24,79.188638,16.838780,1,1.253955
25,40,140,9840,9.840000,473344,0.135644,3.627172,57.410044,38.962573,0.000211,3.353350,0.288614,-6.589876,-3119278.077690,0.042576,20153.153341,0.647556,5.521352,24,79.203103,16.847030,0,0.961260
25,40,141,9960,9.960000,473344,0.135644,3.630552,57.365468,39.003558,0.000423,3.353722,0.288884,-6.589997,-3119335.688810,0.042572,20151.282741,0.565871,5.787620,24,79.047609,16.845296,3,1.203093
